{"cameraMode":{"drawMode":0,"name":"Shaded","section":"Shading Mode"},"sceneLighting":true,"audioPlay":false,"sceneViewState":{"showFog":true,"showMaterialUpdate":false,"showSkybox":true,"showFlares":true,"showImageEffects":true,"showParticleSystems":true,"showVisualEffectGraphs":true,"m_FxEnabled":true},"in2DMode":false,"pivot":{"x":16.68675422668457,"y":19.56175422668457,"z":-29.833866119384767},"rotation":{"x":0.15980638563632966,"y":0.005920883268117905,"z":-0.000970325490925461,"w":0.9871109127998352},"size":1.8232369422912598,"orthographic":false}