{"cameraMode":{"drawMode":0,"name":"Shaded","section":"Shading Mode"},"sceneLighting":false,"audioPlay":false,"sceneViewState":{"showFog":true,"showMaterialUpdate":false,"showSkybox":false,"showFlares":true,"showImageEffects":true,"showParticleSystems":true,"showVisualEffectGraphs":true,"m_FxEnabled":true},"in2DMode":false,"pivot":{"x":234.2863006591797,"y":977.3607177734375,"z":-26.064727783203126},"rotation":{"x":0.15980638563632966,"y":0.005920883268117905,"z":-0.000970325490925461,"w":0.9871109127998352},"size":295.17633056640627,"orthographic":false}